工作空间|ワークスペース|워크스페이스|Không gian làm việc|Рабочее пространство|فضای کاری
订单记录|注文履歴|주문 내역|Đơn hàng|Заказы|سفارش‌ها
流量记录|通信量履歴|데이터 사용 내역|Lịch sử lưu lượng|Использование трафика|مصرف ترافیک
帮助与账户|ヘルプとアカウント|도움말 및 계정|Trợ giúp và tài khoản|Помощь и аккаунт|راهنما و حساب
工单支持|サポート|고객 지원|Hỗ trợ|Поддержка|پشتیبانی
邀请好友|友達を招待|친구 초대|Mời bạn bè|Пригласить друзей|دعوت دوستان
账户设置|アカウント設定|계정 설정|Cài đặt tài khoản|Настройки аккаунта|تنظیمات حساب
运营概览|運営概要|운영 개요|Tổng quan vận hành|Обзор|نمای کلی
运营|運営|운영|Vận hành|Управление|مدیریت
用户管理|ユーザー管理|사용자 관리|Quản lý người dùng|Пользователи|کاربران
生成用户|ユーザー作成|사용자 생성|Tạo người dùng|Создать пользователей|ایجاد کاربر
订单管理|注文管理|주문 관리|Quản lý đơn hàng|Управление заказами|مدیریت سفارش‌ها
套餐管理|プラン管理|요금제 관리|Quản lý gói|Тарифы|طرح‌ها
服务|サービス|서비스|Dịch vụ|Сервисы|خدمات
节点管理|サーバー管理|서버 관리|Quản lý máy chủ|Серверы|سرورها
权限组|アクセスグループ|권한 그룹|Nhóm quyền|Группы доступа|گروه‌های دسترسی
路由规则|ルーティング規則|라우팅 규칙|Quy tắc định tuyến|Правила маршрутизации|قوانین مسیریابی
优惠券|クーポン|쿠폰|Mã giảm giá|Купоны|کدهای تخفیف
公告管理|お知らせ管理|공지 관리|Quản lý thông báo|Объявления|اطلاعیه‌ها
内容与支持|コンテンツとサポート|콘텐츠 및 지원|Nội dung và hỗ trợ|Материалы и поддержка|محتوا و پشتیبانی
知识库|ナレッジベース|지식 자료|Kho kiến thức|База знаний|پایگاه دانش
工单中心|サポートチケット|지원 요청|Yêu cầu hỗ trợ|Обращения|درخواست‌های پشتیبانی
套餐多语言|プランの翻訳|요금제 번역|Bản dịch gói|Переводы тарифов|ترجمه طرح‌ها
风控规则|リスク対策規則|위험 관리 규칙|Quy tắc kiểm soát rủi ro|Правила безопасности|قوانین امنیتی
风控与客户端|セキュリティとクライアント|보안 및 클라이언트|Bảo mật và ứng dụng|Безопасность и клиенты|امنیت و برنامه‌ها
风控设置|リスク対策設定|위험 관리 설정|Cài đặt rủi ro|Настройки безопасности|تنظیمات امنیتی
IP 黑名单|IP ブロックリスト|IP 차단 목록|Danh sách chặn IP|Заблокированные IP|فهرست مسدود IP
UA 黑名单|UA ブロックリスト|UA 차단 목록|Danh sách chặn UA|Заблокированные UA|فهرست مسدود UA
客户端策略|クライアントポリシー|클라이언트 정책|Chính sách ứng dụng|Политики клиентов|سیاست‌های برنامه
在线用户|オンラインユーザー|온라인 사용자|Người dùng trực tuyến|Пользователи онлайн|کاربران آنلاین
用户使用情况|ユーザー使用状況|사용자 사용량|Mức sử dụng của người dùng|Использование пользователями|مصرف کاربران
登录日志|ログイン履歴|로그인 기록|Nhật ký đăng nhập|Журнал входов|گزارش ورود
订阅日志|サブスクリプション履歴|구독 기록|Nhật ký đăng ký|Журнал подписок|گزارش اشتراک
连接日志|接続履歴|연결 기록|Nhật ký kết nối|Журнал подключений|گزارش اتصال
风控命中|リスク検出|위험 감지|Sự kiện rủi ro|События безопасности|رویدادهای امنیتی
日志与系统|ログとシステム|로그 및 시스템|Nhật ký và hệ thống|Журналы и система|گزارش‌ها و سیستم
系统日志|システムログ|시스템 로그|Nhật ký hệ thống|Системный журнал|گزارش سیستم
系统状态|システム状態|시스템 상태|Trạng thái hệ thống|Состояние системы|وضعیت سیستم
系统设置|システム設定|시스템 설정|Cài đặt hệ thống|Настройки системы|تنظیمات سیستم
邮箱地址|メールアドレス|이메일 주소|Địa chỉ email|Адрес эл. почты|نشانی ایمیل
邀请码（可选）|招待コード（任意）|초대 코드 (선택)|Mã mời (không bắt buộc)|Код приглашения (необязательно)|کد دعوت (اختیاری)
更自由的连接。|もっと自由な接続を。|더 자유로운 연결.|Kết nối tự do hơn.|Больше свободы подключения.|اتصالی آزادتر.
更简单的体验。|もっとシンプルな体験を。|더 간편한 경험.|Trải nghiệm đơn giản hơn.|Проще и удобнее.|تجربه‌ای ساده‌تر.
你的网络服务，在一个地方轻松管理。|接続、プラン、アカウントを一か所で管理。|연결, 구독, 계정을 한곳에서 관리하세요.|Quản lý kết nối, gói dịch vụ và tài khoản tại một nơi.|Подключение, подписка и аккаунт — всё в одном месте.|اتصال، اشتراک و حساب شما، همه در یک مکان.
连接 · 探索 · 发现|接続 · 探索 · 発見|연결 · 탐색 · 발견|Kết nối · Khám phá · Trải nghiệm|Подключайтесь · Исследуйте · Открывайте|اتصال · کاوش · کشف
创建账户|アカウントを作成|계정 만들기|Tạo tài khoản|Создать аккаунт|ایجاد حساب
欢迎回来|おかえりなさい|다시 오신 것을 환영합니다|Chào mừng trở lại|С возвращением|خوش آمدید
登录统一管理后台|管理コンソールにログイン|관리 콘솔에 로그인하세요|Đăng nhập bảng quản trị|Войдите в консоль управления|ورود به پنل مدیریت
使用邮箱验证码设置新密码|メール認証コードでパスワードを再設定|이메일 인증 코드로 비밀번호를 재설정하세요|Đặt lại mật khẩu bằng mã xác minh email|Сбросьте пароль с помощью кода из письма|با کد تأیید ایمیل، رمز عبور را بازنشانی کنید
登录以管理你的订阅与账户|ログインしてプランとアカウントを管理|로그인하여 구독과 계정을 관리하세요|Đăng nhập để quản lý gói dịch vụ và tài khoản|Войдите, чтобы управлять подпиской и аккаунтом|برای مدیریت اشتراک و حساب وارد شوید
注册账户|アカウント登録|계정 등록|Đăng ký tài khoản|Зарегистрироваться|ثبت‌نام
登录|ログイン|로그인|Đăng nhập|Войти|ورود
请先完成安全验证|先にセキュリティ確認を完了してください|먼저 보안 확인을 완료하세요|Vui lòng hoàn tất xác minh bảo mật|Сначала пройдите проверку безопасности|ابتدا بررسی امنیتی را انجام دهید
请填写邮箱|メールアドレスを入力してください|이메일 주소를 입력하세요|Vui lòng nhập email|Введите адрес эл. почты|نشانی ایمیل را وارد کنید
{{value0}} 秒后重试|{{value0}} 秒後に再試行|{{value0}}초 후 다시 시도|Thử lại sau {{value0}} giây|Повторите через {{value0}} сек.|پس از {{value0}} ثانیه دوباره تلاش کنید
发送中…|送信中…|전송 중…|Đang gửi…|Отправка…|در حال ارسال…
发送邮箱验证码|認証コードを送信|인증 코드 보내기|Gửi mã xác minh|Отправить код|ارسال کد تأیید
忘记密码？|パスワードをお忘れですか？|비밀번호를 잊으셨나요?|Quên mật khẩu?|Забыли пароль?|رمز عبور را فراموش کرده‌اید؟
注册即表示同意|登録すると次に同意したものとみなされます：|가입하면 다음에 동의하게 됩니다:|Khi đăng ký, bạn đồng ý với|Регистрируясь, вы соглашаетесь с|با ثبت‌نام، موافقت می‌کنید با
服务条款|利用規約|서비스 약관|Điều khoản dịch vụ|Условиями использования|شرایط استفاده
正在加载工作空间…|ワークスペースを読み込み中…|워크스페이스를 불러오는 중…|Đang tải không gian làm việc…|Загрузка рабочего пространства…|در حال بارگذاری فضای کاری…
管理控制台|管理コンソール|관리 콘솔|Bảng quản trị|Консоль управления|پنل مدیریت
用户工作空间|個人ワークスペース|개인 워크스페이스|Không gian cá nhân|Личное пространство|فضای شخصی
管理员|管理者|관리자|Quản trị viên|Администратор|مدیر
个人账户|個人アカウント|개인 계정|Tài khoản cá nhân|Личный аккаунт|حساب شخصی
退出登录|ログアウト|로그아웃|Đăng xuất|Выйти|خروج
打开导航|ナビゲーションを開く|탐색 메뉴 열기|Mở điều hướng|Открыть меню|باز کردن منو
管理后台|管理画面|관리자 페이지|Trang quản trị|Панель управления|بخش مدیریت
用户端|ユーザーポータル|사용자 포털|Cổng người dùng|Портал пользователя|پنل کاربر
统一控制台|統合コンソール|통합 콘솔|Bảng điều khiển thống nhất|Единая консоль|پنل یکپارچه
服务在线|サービス稼働中|서비스 정상 운영|Dịch vụ trực tuyến|Сервис доступен|سرویس فعال است
简洁连接，无限可能。|シンプルにつながる。|더 간편하게 연결하세요.|Kết nối đơn giản hơn.|Подключаться стало проще.|راهی ساده‌تر برای اتصال.
页面暂时无法加载|ページを読み込めませんでした|페이지를 불러올 수 없습니다|Không thể tải trang|Не удалось загрузить страницу|بارگذاری صفحه ممکن نشد
重新加载|ページを再読み込み|페이지 새로고침|Tải lại trang|Перезагрузить|بارگذاری مجدد
流量重置|通信量をリセット|데이터 사용량 초기화|Đặt lại lưu lượng|Сбросить трафик|بازنشانی ترافیک
复制|コピー|복사|Sao chép|Копировать|کپی
复制失败，请手动复制链接|コピーできませんでした。リンクを手動でコピーしてください|복사하지 못했습니다. 링크를 직접 복사하세요|Không thể sao chép. Vui lòng sao chép liên kết thủ công|Не удалось скопировать. Скопируйте ссылку вручную|کپی نشد. پیوند را دستی کپی کنید
已复制|コピーしました|복사됨|Đã sao chép|Скопировано|کپی شد
连接世界，从这里开始。|あなたの接続を、一か所に。|내 연결을 한곳에서.|Kết nối của bạn, tại một nơi.|Ваше подключение. В одном месте.|اتصال شما، در یک مکان.
查看订阅状态，轻松管理你的网络服务。|接続に必要なものを、シンプルに管理。|연결에 필요한 모든 것을 간편하게 관리하세요.|Mọi thứ bạn cần để kết nối, dễ dàng hơn.|Всё для подключения — без лишних действий.|هر آنچه برای اتصال نیاز دارید، بدون مراحل اضافی.
探索订阅套餐|プランを見る|요금제 살펴보기|Khám phá các gói|Посмотреть тарифы|مشاهده طرح‌ها
已用流量|使用済み通信量|사용한 데이터|Lưu lượng đã dùng|Использовано трафика|ترافیک مصرف‌شده
总流量 {{value0}}|総通信量：{{value0}}|총 데이터: {{value0}}|Tổng dung lượng: {{value0}}|Всего трафика: {{value0}}|کل ترافیک: {{value0}}
账户余额|アカウント残高|계정 잔액|Số dư tài khoản|Баланс аккаунта|موجودی حساب
订阅到期|有効期限|만료일|Ngày hết hạn|Действует до|تاریخ انقضا
长期有效|無期限|만료 없음|Không hết hạn|Без срока действия|بدون انقضا
尚未订阅套餐|有効なプランがありません|활성 요금제 없음|Chưa có gói đang hoạt động|Нет активного тарифа|طرح فعالی وجود ندارد
管理订阅|サブスクリプションを管理|구독 관리|Quản lý đăng ký|Управлять подпиской|مدیریت اشتراک
准备好开启连接了吗？|接続を始めましょう|연결할 준비가 되셨나요?|Sẵn sàng kết nối chưa?|Готовы подключиться?|آماده اتصال هستید؟
已使用|使用済み|사용량|Đã dùng|Использовано|مصرف‌شده
复制订阅链接|サブスクリプションリンクをコピー|구독 링크 복사|Sao chép liên kết đăng ký|Копировать ссылку подписки|کپی پیوند اشتراک
最新公告|最新のお知らせ|최근 공지|Thông báo mới nhất|Последние новости|آخرین اطلاعیه‌ها
暂无新公告|新しいお知らせはありません|새 공지가 없습니다|Không có thông báo mới|Новых объявлений нет|اطلاعیه جدیدی نیست
订阅连接|あなたのサブスクリプション|내 구독|Đăng ký của bạn|Ваша подписка|اشتراک شما
暂无订阅套餐|サブスクリプションがありません|구독 요금제 없음|Chưa có gói đăng ký|Нет подписки|اشتراکی وجود ندارد
订阅链接包含你的访问凭据，请妥善保管。|リンクにはアクセス認証情報が含まれます。安全に保管してください。|구독 링크에는 접근 자격 증명이 포함되어 있습니다. 안전하게 보관하세요.|Liên kết chứa thông tin truy cập. Vui lòng giữ riêng tư.|Ссылка содержит данные доступа. Храните её в тайне.|پیوند اشتراک حاوی اطلاعات دسترسی است. آن را محرمانه نگه دارید.
订阅链接|サブスクリプションリンク|구독 링크|Liên kết đăng ký|Ссылка подписки|پیوند اشتراک
下载订阅|サブスクリプションをダウンロード|구독 다운로드|Tải đăng ký|Скачать подписку|دانلود اشتراک
重置后，现有订阅链接将失效。继续吗？|リセットすると現在のリンクは無効になります。続けますか？|초기화하면 기존 구독 링크가 무효화됩니다. 계속할까요?|Đặt lại sẽ vô hiệu hóa liên kết hiện tại. Tiếp tục?|Сброс сделает текущую ссылку недействительной. Продолжить?|با بازنشانی، پیوند فعلی نامعتبر می‌شود. ادامه می‌دهید؟
重置订阅链接|リンクをリセット|구독 링크 초기화|Đặt lại liên kết đăng ký|Сбросить ссылку подписки|بازنشانی پیوند اشتراک
选择套餐|プランを選択|요금제 선택|Chọn gói|Выбрать тариф|انتخاب طرح
可用节点|利用可能なサーバー|사용 가능한 서버|Máy chủ khả dụng|Доступные серверы|سرورهای در دسترس
协议|プロトコル|프로토콜|Giao thức|Протокол|پروتکل
在线|オンライン|온라인|Trực tuyến|Онлайн|آنلاین
离线|オフライン|오프라인|Ngoại tuyến|Офлайн|آفلاین
月|月|월|tháng|месяц|ماه
年|年|년|năm|год|سال
次|一回|일회|một lần|разово|یک‌باره
GB 流量|GB の通信量|GB 데이터|GB dữ liệu|ГБ трафика|گیگابایت ترافیک
{{value0}} Mbps 速率|速度 {{value0}} Mbps|{{value0}} Mbps 속도|Tốc độ {{value0}} Mbps|Скорость {{value0}} Мбит/с|سرعت {{value0}} مگابیت بر ثانیه
不限速|速度制限なし|속도 제한 없음|Không giới hạn tốc độ|Без ограничения скорости|سرعت نامحدود
{{count}} 台设备|デバイス {{count}} 台|기기 {{count}}대|{{count}} thiết bị|Устройств: {{count}}|{{count}} دستگاه
不限设备数|デバイス数無制限|기기 수 제한 없음|Không giới hạn thiết bị|Без ограничения устройств|دستگاه‌های نامحدود
暂无可购买套餐|利用可能なプランはありません|구매 가능한 요금제가 없습니다|Chưa có gói khả dụng|Нет доступных тарифов|طرحی در دسترس نیست
购买 {{value0}}|{{value0}} を購入|{{value0}} 구독|Đăng ký {{value0}}|Подписаться на {{value0}}|اشتراک {{value0}}
支付周期|請求期間|결제 주기|Chu kỳ thanh toán|Период оплаты|دوره پرداخت
优惠码（可选）|クーポンコード（任意）|쿠폰 코드 (선택)|Mã giảm giá (không bắt buộc)|Купон (необязательно)|کد تخفیف (اختیاری)
创建订单|注文を作成|주문 생성|Tạo đơn hàng|Создать заказ|ایجاد سفارش
订单编号|注文番号|주문 번호|Mã đơn hàng|Номер заказа|شماره سفارش
套餐|プラン|요금제|Gói|Тариф|طرح
账户充值|残高をチャージ|잔액 충전|Nạp tiền|Пополнить баланс|افزایش موجودی
金额|金額|금액|Số tiền|Сумма|مبلغ
此支付方式需要专用客户端，请选择其他方式。|この支払いには専用アプリが必要です。別の方法を選択してください。|이 결제 수단에는 전용 앱이 필요합니다. 다른 수단을 선택하세요.|Phương thức này cần ứng dụng riêng. Vui lòng chọn cách khác.|Для этого способа нужно отдельное приложение. Выберите другой.|این روش پرداخت به برنامه مخصوص نیاز دارد. روش دیگری انتخاب کنید.
应付金额|お支払い金額|결제 금액|Số tiền cần trả|К оплате|مبلغ قابل پرداخت
选择支付方式|支払い方法を選択|결제 수단 선택|Chọn phương thức thanh toán|Выбрать способ оплаты|انتخاب روش پرداخت
确认开通|サブスクリプションを有効化|구독 활성화|Kích hoạt đăng ký|Активировать подписку|فعال‌سازی اشتراک
暂无可用支付方式，请联系客服。|支払い方法がありません。サポートにお問い合わせください。|사용 가능한 결제 수단이 없습니다. 고객 지원에 문의하세요.|Không có phương thức thanh toán. Vui lòng liên hệ hỗ trợ.|Способы оплаты недоступны. Обратитесь в поддержку.|روش پرداختی در دسترس نیست. با پشتیبانی تماس بگیرید.
取消订单|注文をキャンセル|주문 취소|Hủy đơn hàng|Отменить заказ|لغو سفارش
检查支付结果|支払い状況を確認|결제 상태 확인|Kiểm tra thanh toán|Проверить оплату|بررسی وضعیت پرداخت
付款内容|支払い内容|결제 정보|Thông tin thanh toán|Данные платежа|جزئیات پرداخت
信用卡支付|カードで支払う|카드 결제|Thanh toán bằng thẻ|Оплата картой|پرداخت با کارت
确认支付|支払いを確認|결제 확인|Xác nhận thanh toán|Подтвердить оплату|تأیید پرداخت
文档语言|記事の言語|문서 언어|Ngôn ngữ bài viết|Язык статей|زبان مقاله
搜索文档…|記事を検索…|문서 검색…|Tìm bài viết…|Поиск статей…|جستجوی مقاله…
搜索文档|記事を検索|문서 검색|Tìm bài viết|Поиск статей|جستجوی مقاله
暂无相关文档|該当する記事はありません|관련 문서가 없습니다|Không có bài viết phù hợp|Статьи не найдены|مقاله‌ای یافت نشد
文档|ヘルプ記事|도움말 문서|Bài viết trợ giúp|Статья справки|مقاله راهنما
创建工单|サポートに問い合わせ|새 지원 요청|Tạo yêu cầu hỗ trợ|Новое обращение|درخواست پشتیبانی جدید
编号|番号|번호|ID|ID|شناسه
处理中|対応中|처리 중|Đang xử lý|В работе|در حال بررسی
更新时间|更新日時|업데이트 시간|Cập nhật|Обновлено|به‌روزرسانی
查看对话|会話を見る|대화 보기|Xem hội thoại|Открыть переписку|مشاهده گفتگو
优先级|優先度|우선순위|Mức ưu tiên|Приоритет|اولویت
普通|通常|보통|Bình thường|Обычный|عادی
中等|中|중간|Trung bình|Средний|متوسط
紧急|緊急|긴급|Khẩn cấp|Срочный|فوری
问题描述|問題の内容|문제 설명|Mô tả vấn đề|Опишите проблему|شرح مشکل
工单对话|サポートとの会話|지원 대화|Hội thoại hỗ trợ|Переписка|گفتگو
我|あなた|나|Bạn|Вы|شما
对方|サポート|지원 담당자|Hỗ trợ|Поддержка|پشتیبانی
回复内容|返信内容|답변 내용|Nội dung trả lời|Ваш ответ|پاسخ شما
发送回复|返信を送信|답변 보내기|Gửi trả lời|Отправить ответ|ارسال پاسخ
关闭工单|チケットを閉じる|요청 닫기|Đóng yêu cầu|Закрыть обращение|بستن درخواست
邀请用户|招待したユーザー|초대한 사용자|Người dùng được mời|Приглашённые пользователи|کاربران دعوت‌شده
可用佣金|利用可能な報酬|사용 가능한 수수료|Hoa hồng khả dụng|Доступная комиссия|کمیسیون قابل برداشت
邀请链接|招待リンク|초대 링크|Liên kết giới thiệu|Ссылка приглашения|پیوند دعوت
复制邀请链接|招待リンクをコピー|초대 링크 복사|Sao chép liên kết giới thiệu|Копировать ссылку приглашения|کپی پیوند دعوت
佣金记录|報酬履歴|수수료 내역|Lịch sử hoa hồng|История комиссии|سابقه کمیسیون
订单|注文|주문|Đơn hàng|Заказ|سفارش
时间|日時|시간|Thời gian|Время|زمان
佣金操作|報酬を管理|수수료 관리|Quản lý hoa hồng|Управление комиссией|مدیریت کمیسیون
转入余额金额（分）|残高への振替金額（最小通貨単位）|잔액으로 전환할 금액 (최소 통화 단위)|Số tiền chuyển vào số dư (đơn vị tiền tệ nhỏ nhất)|Сумма перевода (минимальные единицы валюты)|مبلغ انتقال (کوچک‌ترین واحد پول)
转入余额|残高に振替|잔액으로 전환|Chuyển vào số dư|Перевести на баланс|انتقال به موجودی
申请佣金提现|報酬の出金を申請|수수료 출금 신청|Yêu cầu rút hoa hồng|Запросить вывод комиссии|درخواست برداشت کمیسیون
收款账户|受取口座|수령 계좌|Tài khoản nhận|Счёт получателя|حساب دریافت‌کننده
提交提现申请|出金申請を送信|출금 신청 제출|Gửi yêu cầu rút tiền|Отправить запрос на вывод|ثبت درخواست برداشت
当前密码|現在のパスワード|현재 비밀번호|Mật khẩu hiện tại|Текущий пароль|رمز عبور فعلی
账户信息|アカウント情報|계정 정보|Thông tin tài khoản|Ваш аккаунт|حساب شما
管理密码、流量提醒和账户余额。|パスワード、通知、残高を管理。|비밀번호, 알림, 잔액을 관리하세요.|Quản lý mật khẩu, thông báo và số dư.|Управляйте паролем, уведомлениями и балансом.|مدیریت رمز عبور، اعلان‌ها و موجودی.
到期提醒|有効期限の通知|만료 알림|Nhắc hết hạn|Напоминания об истечении|یادآوری انقضا
开启|オン|켜짐|Bật|Вкл.|روشن
流量提醒|通信量の通知|데이터 사용 알림|Nhắc lưu lượng|Уведомления о трафике|یادآوری مصرف ترافیک
提醒设置已保存|通知設定を保存しました|알림 설정을 저장했습니다|Đã lưu cài đặt thông báo|Настройки уведомлений сохранены|تنظیمات اعلان ذخیره شد
密码已更新|パスワードを更新しました|비밀번호를 변경했습니다|Đã đổi mật khẩu|Пароль обновлён|رمز عبور به‌روز شد
兑换礼品卡|ギフトカードを利用|기프트 카드 사용|Đổi thẻ quà tặng|Активировать подарочную карту|استفاده از کارت هدیه
礼品卡代码|ギフトカードコード|기프트 카드 코드|Mã thẻ quà tặng|Код подарочной карты|کد کارت هدیه
兑换成功|ギフトカードを利用しました|사용 완료|Đổi thành công|Карта активирована|کارت هدیه اعمال شد
充值金额（分）|チャージ金額（最小通貨単位）|충전 금액 (최소 통화 단위)|Số tiền nạp (đơn vị tiền tệ nhỏ nhất)|Сумма пополнения (минимальные единицы валюты)|مبلغ شارژ (کوچک‌ترین واحد پول)
创建充值订单|チャージ注文を作成|충전 주문 생성|Tạo đơn nạp tiền|Создать заказ пополнения|ایجاد سفارش شارژ
活跃会话|有効なセッション|활성 세션|Phiên đang hoạt động|Активные сеансы|نشست‌های فعال
IP 地址|IP アドレス|IP 주소|Địa chỉ IP|IP-адрес|نشانی IP
客户端|クライアント|클라이언트|Ứng dụng|Клиент|برنامه
登录时间|ログイン日時|로그인 시간|Thời gian đăng nhập|Время входа|زمان ورود
移除|削除|제거|Xóa|Удалить|حذف
打开机器人|ボットを開く|봇 열기|Mở bot|Открыть бота|باز کردن ربات
加入讨论组|コミュニティに参加|커뮤니티 참여|Tham gia cộng đồng|Вступить в сообщество|پیوستن به گروه
Telegram 已解绑|Telegram の連携を解除しました|Telegram 연결을 해제했습니다|Đã ngắt liên kết Telegram|Telegram отключён|تلگرام جدا شد
解除绑定|連携を解除|연결 해제|Ngắt liên kết|Отключить|قطع اتصال
日期|日付|날짜|Ngày|Дата|تاریخ
上传|アップロード|업로드|Tải lên|Отправлено|آپلود
下载|ダウンロード|다운로드|Tải xuống|Загружено|دانلود
正在加载…|読み込み中…|불러오는 중…|Đang tải…|Загрузка…|در حال بارگذاری…
重试|再試行|다시 시도|Thử lại|Повторить|تلاش مجدد
暂无数据|まだデータがありません|아직 데이터가 없습니다|Chưa có dữ liệu|Здесь пока пусто|هنوز داده‌ای نیست
数据更新后会显示在这里|更新があるとここに表示されます。|새 정보가 여기에 표시됩니다.|Thông tin mới sẽ hiển thị ở đây.|Обновления появятся здесь.|به‌روزرسانی‌ها اینجا نمایش داده می‌شوند.
提交中…|保存中…|저장 중…|Đang lưu…|Сохранение…|در حال ذخیره…
上一页|前のページ|이전 페이지|Trang trước|Предыдущая страница|صفحه قبلی
下一页|次のページ|다음 페이지|Trang sau|Следующая страница|صفحه بعدی
刷新|更新|새로고침|Làm mới|Обновить|تازه‌سازی
服务响应异常 ({{value0}})|予期しない応答 ({{value0}})|예상치 못한 응답 ({{value0}})|Phản hồi bất thường ({{value0}})|Неожиданный ответ ({{value0}})|پاسخ غیرمنتظره ({{value0}})
请求失败 ({{value0}})|リクエスト失敗 ({{value0}})|요청 실패 ({{value0}})|Yêu cầu thất bại ({{value0}})|Ошибка запроса ({{value0}})|درخواست ناموفق ({{value0}})
界面语言|表示言語|화면 언어|Ngôn ngữ giao diện|Язык интерфейса|زبان رابط
快捷导航|クイックナビゲーション|빠른 탐색|Điều hướng nhanh|Быстрая навигация|دسترسی سریع
共 {{total}} 条 · 第 {{page}} 页|全 {{total}} 件 · {{page}} ページ|총 {{total}}개 · {{page}}페이지|{{total}} mục · Trang {{page}}|Всего: {{total}} · Страница {{page}}|{{total}} مورد · صفحه {{page}}
一键导入|ワンクリックでインポート|원클릭 가져오기|Nhập nhanh|Быстрый импорт|ورود با یک کلیک
连接你的客户端|クライアントに接続|클라이언트 연결|Kết nối ứng dụng|Подключить клиент|اتصال برنامه
选择已安装的客户端，直接导入订阅。|インストール済みのアプリを選んでインポートしてください。|설치된 앱을 선택하여 구독을 가져오세요.|Chọn ứng dụng đã cài đặt để nhập đăng ký.|Выберите установленный клиент для импорта подписки.|برنامه نصب‌شده را انتخاب کنید تا اشتراک وارد شود.
在 {{client}} 中打开|{{client}} で開く|{{client}}에서 열기|Mở trong {{client}}|Открыть в {{client}}|باز کردن در {{client}}
如果客户端没有打开，请先安装客户端，或复制订阅链接手动添加。|アプリが開かない場合は、先にインストールするか、リンクをコピーして手動で追加してください。|앱이 열리지 않으면 먼저 설치하거나 링크를 복사하여 직접 추가하세요.|Nếu ứng dụng không mở, hãy cài đặt hoặc sao chép liên kết để thêm thủ công.|Если клиент не открылся, установите его или добавьте ссылку вручную.|اگر برنامه باز نشد، آن را نصب کنید یا پیوند را دستی اضافه کنید.
扫码或手动添加|スキャンまたは手動で追加|스캔 또는 직접 추가|Quét mã hoặc thêm thủ công|Сканировать или добавить вручную|اسکن یا افزودن دستی
在另一台设备上扫描，或复制链接到客户端。|別のデバイスでスキャンするか、リンクをアプリにコピーしてください。|다른 기기에서 스캔하거나 앱에 링크를 붙여 넣으세요.|Quét trên thiết bị khác hoặc sao chép liên kết vào ứng dụng.|Сканируйте с другого устройства или скопируйте ссылку в клиент.|با دستگاه دیگری اسکن کنید یا پیوند را در برنامه کپی کنید.
订阅二维码|サブスクリプションの QR コード|구독 QR 코드|Mã QR đăng ký|QR-код подписки|کد QR اشتراک
订阅链接和二维码包含访问凭据，请勿分享。|リンクと QR コードには認証情報が含まれます。共有しないでください。|링크와 QR 코드에는 접근 정보가 포함되어 있습니다. 공유하지 마세요.|Liên kết và mã QR chứa thông tin truy cập. Không chia sẻ.|Ссылка и QR-код содержат данные доступа. Не делитесь ими.|پیوند و کد QR حاوی اطلاعات دسترسی هستند. آن‌ها را به اشتراک نگذارید.
一次性|一回払い|일회 결제|Một lần|Разово|یک‌باره
三年付|3 年払い|3년 결제|Mỗi 3 năm|Каждые 3 года|هر سه سال
两年付|2 年払い|2년 결제|Mỗi 2 năm|Каждые 2 года|هر دو سال
主题|件名|제목|Tiêu đề|Тема|موضوع
佣金|報酬|수수료|Hoa hồng|Комиссия|کمیسیون
佣金比例|報酬率|수수료 비율|Tỷ lệ hoa hồng|Ставка комиссии|نرخ کمیسیون
使用文档|ヘルプ|도움말|Hướng dẫn|Справка|راهنما
保存|保存|저장|Lưu|Сохранить|ذخیره
修改密码|パスワード変更|비밀번호 변경|Đổi mật khẩu|Изменить пароль|تغییر رمز عبور
倍率|通信量係数|사용량 배율|Hệ số lưu lượng|Множитель трафика|ضریب ترافیک
兑换|利用する|사용|Đổi|Активировать|اعمال
关闭|閉じる|닫기|Đóng|Закрыть|بستن
创建时间|作成日時|생성 시간|Ngày tạo|Создано|زمان ایجاد
半年付|半年払い|반년 결제|Mỗi 6 tháng|Каждые 6 месяцев|هر شش ماه
复制订阅|リンクをコピー|구독 복사|Sao chép đăng ký|Копировать подписку|کپی اشتراک
季付|四半期払い|분기 결제|Mỗi quý|Ежеквартально|هر سه ماه
密码|パスワード|비밀번호|Mật khẩu|Пароль|رمز عبور
已关闭|終了|종료됨|Đã đóng|Закрыто|بسته شده
已取消|キャンセル済み|취소됨|Đã hủy|Отменён|لغو شده
已完成|完了|완료됨|Hoàn tất|Завершён|تکمیل شده
已折抵|充当済み|차감됨|Đã khấu trừ|Зачтён|تهاتر شده
年付|年払い|연간 결제|Mỗi năm|Ежегодно|سالانه
开通中|有効化中|활성화 중|Đang kích hoạt|Активируется|در حال فعال‌سازی
待支付|支払い待ち|결제 대기|Chờ thanh toán|Ожидает оплаты|در انتظار پرداخت
总览|ホーム|홈|Tổng quan|Главная|خانه
我的订阅|マイサブスクリプション|내 구독|Đăng ký của tôi|Моя подписка|اشتراک من
提现方式|出金方法|출금 방식|Phương thức rút tiền|Способ вывода|روش برداشت
操作|操作|작업|Thao tác|Действия|عملیات
支付方式|支払い方法|결제 수단|Phương thức thanh toán|Способ оплаты|روش پرداخت
新密码|新しいパスワード|새 비밀번호|Mật khẩu mới|Новый пароль|رمز عبور جدید
月付|月払い|월간 결제|Mỗi tháng|Ежемесячно|ماهانه
查看|表示|보기|Xem|Открыть|مشاهده
状态|状態|상태|Trạng thái|Статус|وضعیت
生成邀请码|招待コードを作成|초대 코드 생성|Tạo mã mời|Создать код приглашения|ایجاد کد دعوت
礼品卡|ギフトカード|기프트 카드|Thẻ quà tặng|Подарочная карта|کارت هدیه
节点名称|サーバー名|서버 이름|Tên máy chủ|Имя сервера|نام سرور
订单状态|注文状況|주문 상태|Trạng thái đơn|Статус заказа|وضعیت سفارش
订单详情|注文詳細|주문 상세|Chi tiết đơn hàng|Детали заказа|جزئیات سفارش
订单金额|注文金額|주문 금액|Số tiền đơn hàng|Сумма заказа|مبلغ سفارش
购买订阅|プランを購入|구독 구매|Mua gói đăng ký|Купить подписку|خرید اشتراک
邀请码|招待コード|초대 코드|Mã mời|Код приглашения|کد دعوت
邮箱验证码|メール認証コード|이메일 인증 코드|Mã xác minh email|Код из письма|کد تأیید ایمیل
重置密码|パスワードを再設定|비밀번호 재설정|Đặt lại mật khẩu|Сбросить пароль|بازنشانی رمز عبور
